maksutovnurda@gmail.com,maksutovnurda,Male,1,maksutovnurda
test@te,testsetse,Male,0,testsetsetestsetse
testuser@mail.ru,testuserasd,Male,0,testusertestuser
testusern@mail.ru,testusern,Male,0,testusern
testuserm@mail.ru,testuserm,Male,0,testuserm
maksutovnurda@gmail.com,maksutovnurdaa,Male,0,saddaasdasd
maksutovnurda@gmail.coma,nurdanurdaa,Male,0,nurdanurdaa
nurdanurdaaa@a,nurdanurdaaa,Male,0,nurdanurdaa
sdu@dtu,sdumailmail,Male,0,sdumailmail
test@trsetmail,zhanatsuper,Male,0,zhanatsuper
yelamanq@ma,yelamanqq,Male,0,yelamanqyelamanq
